Año,Evento,Descripción
```
2024,Nuevo avance en AGI,Investigadores logran un hito significativo en el desarrollo de inteligencia artificial general.
2025,Lanzamiento de un nuevo modelo de lenguaje,Una nueva arquitectura de IA se presenta, superando a GPT-3 en rendimiento.
2026,IA en salud,Desarrollo de algoritmos que superan a médicos en diagnósticos de enfermedades.
2027,Colaboración humano-IA,La primera conferencia internacional sobre colaboraciones entre humanos e inteligencia artificial.
2028,IA y cambios climáticos,Inicio de proyectos de IA para modelar el cambio climático de manera efectiva.
2029,Robots autónomos,Desarrollo de robots autónomos capaces de realizar tareas complejas en entornos no estructurados.
2030,IA en educación,Implementación de plataformas de aprendizaje personalizado basadas en IA en escuelas de todo el mundo.
2031,IA y arte,Proyectos innovadores que fusionan inteligencia artificial con creatividad artística, resultando en exposiciones de arte.
2032,IA y ciberseguridad,Aumento del uso de IA para prevenir ataques cibernéticos en tiempo real.
2033,Predicciones económicas con IA,Modelos de IA que ofrecen pronósticos económicos más precisos que los expertos financieros.
2034,IA en transporte,Desarrollo de vehículos autónomos que comienzan a ser utilizados en rutas comerciales.
2035,Universidades de IA,Inauguración de las primeras universidades especializadas en inteligencia artificial en el mundo.
2036,IA y ética,Creación de marcos éticos para guiar el desarrollo y el uso de inteligencia artificial.
2037,Reconocimiento facial,Mejoras en las tecnologías de reconocimiento facial para mejorar la seguridad pública.
2038,Sistemas de IA cuántica,Investigaciones en IA que utilizan computación cuántica para resolver problemas complejos.
2039,Sistemas de recomendación,Algoritmos de IA que mejoran significativamente las recomendaciones en plataformas de streaming.
2040,IA y diversidad,Estudios que demuestran cómo la IA puede promover la diversidad en el lugar de trabajo.
```
```
2024,Nuevo avance en AGI,Investigadores logran un hito significativo en el desarrollo de inteligencia artificial general.
2025,Lanzamiento de un nuevo modelo de lenguaje,Una nueva arquitectura de IA se presenta, superando a GPT-3 en eficiencia.
2026,IA en el diagnóstico médico,Sistemas de IA alcanzan precisión superior a humanos en diagnósticos médicos.
2027,Robo-asesores financieros,Lanzamiento de plataformas automatizadas utilizando IA para asesoramiento financiero.
2028,IA y sostenibilidad,Desarrollo de modelos de IA para abordar problemas ambientales y de sostenibilidad.
2029,Conferencia Global sobre IA,Se lleva a cabo la primera conferencia internacional enfocada en la ética de la IA.
2030,Avances en IA y educación,Nuevas herramientas basadas en IA revolucionan la enseñanza y el aprendizaje.
2031,IA en la exploración espacial,Sistemas de IA son utilizados para gestionar misiones de exploración espacial.
2032,Regulación de la IA,Se establecen nuevas leyes para supervisar el uso de inteligencia artificial en diversas industrias.
2033,Colaboración humano-IA,Proyectos de investigación demuestran cómo la IA y los humanos pueden trabajar juntos para resolver problemas complejos.
```
